user_id,age,gender,location,signup_date,is_premium,gender_encoded,location_encoded,age_normalized,days_since_signup
U0001,56,F,Delhi,2023-10-01,False,1,3,0.8260869565217391,1023
U0002,46,F,Pune,2023-11-16,False,1,9,0.6086956521739131,977
U0003,32,Other,Mumbai,2023-12-04,False,2,8,0.30434782608695654,959
U0004,60,M,Delhi,2024-01-01,True,0,3,0.9130434782608695,931
U0005,25,Other,Pune,2024-05-09,False,2,9,0.15217391304347827,802
U0006,38,Other,Bangalore,2024-08-29,False,2,1,0.43478260869565216,690
U0007,56,M,Chennai,2023-06-15,False,0,2,0.8260869565217391,1131
U0008,36,M,Mumbai,2024-06-27,True,0,8,0.391304347826087,753
U0009,40,M,Ahmedabad,2023-01-11,False,0,0,0.4782608695652174,1286
U0010,28,M,Kolkata,2023-10-28,False,0,6,0.21739130434782608,996
U0011,28,M,Kolkata,2024-12-29,False,0,6,0.21739130434782608,568
U0012,41,F,Bangalore,2023-04-12,False,1,1,0.5,1195
U0013,53,M,Lucknow,2024-02-29,True,0,7,0.7608695652173914,872
U0014,57,M,Lucknow,2024-01-27,False,0,7,0.8478260869565217,905
U0015,41,F,Bangalore,2023-08-02,True,1,1,0.5,1083
U0016,20,M,Delhi,2024-11-21,False,0,3,0.043478260869565216,606
U0017,39,F,Mumbai,2023-03-29,False,1,8,0.45652173913043476,1209
U0018,19,M,Kolkata,2024-07-06,False,0,6,0.021739130434782608,744
U0019,41,M,Kolkata,2024-02-05,False,0,6,0.5,896
U0020,61,F,Delhi,2024-08-10,True,1,3,0.9347826086956522,709
U0021,47,F,Kolkata,2023-02-15,False,1,6,0.6304347826086957,1251
U0022,55,F,Ahmedabad,2024-11-02,False,1,0,0.8043478260869565,625
U0023,19,F,Mumbai,2024-04-07,False,1,8,0.021739130434782608,834
U0024,38,F,Jaipur,2024-08-14,False,1,5,0.43478260869565216,705
U0025,50,M,Kolkata,2023-11-06,False,0,6,0.6956521739130435,987
U0026,29,M,Bangalore,2023-03-27,True,0,1,0.2391304347826087,1211
U0027,39,F,Ahmedabad,2023-04-02,True,1,0,0.45652173913043476,1205
U0028,61,F,Kolkata,2024-10-21,True,1,6,0.9347826086956522,637
U0029,42,Other,Ahmedabad,2024-11-03,False,2,0,0.5217391304347826,624
U0030,44,M,Pune,2024-12-14,False,0,9,0.5652173913043478,583
U0031,59,M,Jaipur,2023-08-30,False,0,5,0.8913043478260869,1055
U0032,45,F,Hyderabad,2023-01-02,False,1,4,0.5869565217391305,1295
U0033,33,M,Bangalore,2023-08-13,False,0,1,0.32608695652173914,1072
U0034,32,Other,Bangalore,2024-08-11,False,2,1,0.30434782608695654,708
U0035,64,F,Mumbai,2023-04-26,False,1,8,1.0,1181
U0036,61,M,Ahmedabad,2024-10-27,False,0,0,0.9347826086956522,631
U0037,20,F,Delhi,2023-04-13,False,1,3,0.043478260869565216,1194
U0038,54,F,Bangalore,2023-07-13,False,1,1,0.782608695652174,1103
U0039,24,M,Ahmedabad,2023-06-15,True,0,0,0.13043478260869565,1131
U0040,38,Other,Ahmedabad,2023-03-31,False,2,0,0.43478260869565216,1207
U0041,26,F,Chennai,2024-11-16,False,1,2,0.17391304347826086,611
U0042,56,F,Chennai,2023-05-02,False,1,2,0.8260869565217391,1175
U0043,35,M,Hyderabad,2023-05-23,False,0,4,0.3695652173913043,1154
U0044,21,F,Pune,2023-04-16,False,1,9,0.06521739130434782,1191
U0045,42,M,Hyderabad,2024-03-03,False,0,4,0.5217391304347826,869
U0046,31,M,Kolkata,2023-11-01,False,0,6,0.2826086956521739,992
U0047,26,Other,Delhi,2023-11-13,False,2,3,0.17391304347826086,980
U0048,43,M,Kolkata,2024-09-26,False,0,6,0.5434782608695652,662
U0049,19,M,Lucknow,2023-01-09,False,0,7,0.021739130434782608,1288
U0050,37,Other,Kolkata,2023-03-14,False,2,6,0.41304347826086957,1224
U0051,45,Other,Mumbai,2023-12-25,True,2,8,0.5869565217391305,938
U0052,64,F,Kolkata,2023-08-11,False,1,6,1.0,1074
U0053,24,F,Hyderabad,2024-02-20,False,1,4,0.13043478260869565,881
U0054,61,M,Bangalore,2024-07-06,False,0,1,0.9347826086956522,744
U0055,25,M,Bangalore,2024-01-05,True,0,1,0.15217391304347827,927
U0056,64,M,Chennai,2024-12-16,True,0,2,1.0,581
U0057,52,F,Delhi,2023-09-21,False,1,3,0.7391304347826086,1033
U0058,31,F,Delhi,2024-11-20,False,1,3,0.2826086956521739,607
U0059,34,F,Mumbai,2023-11-14,False,1,8,0.34782608695652173,979
U0060,53,F,Hyderabad,2023-03-25,False,1,4,0.7608695652173914,1213
U0061,57,M,Chennai,2023-11-14,False,0,2,0.8478260869565217,979
U0062,21,F,Lucknow,2023-04-21,False,1,7,0.06521739130434782,1186
U0063,19,M,Delhi,2023-09-08,False,0,3,0.021739130434782608,1046
U0064,23,F,Bangalore,2024-01-18,False,1,1,0.10869565217391304,914
U0065,59,M,Kolkata,2023-01-07,True,0,6,0.8913043478260869,1290
U0066,21,F,Kolkata,2024-04-03,False,1,6,0.06521739130434782,838
U0067,46,M,Chennai,2023-03-25,False,0,2,0.6086956521739131,1213
U0068,35,M,Hyderabad,2023-07-27,False,0,4,0.3695652173913043,1089
U0069,43,M,Hyderabad,2024-01-25,False,0,4,0.5434782608695652,907
U0070,61,F,Pune,2023-11-10,False,1,9,0.9347826086956522,983
U0071,51,F,Jaipur,2023-01-22,False,1,5,0.717391304347826,1275
U0072,27,M,Delhi,2024-02-14,True,0,3,0.1956521739130435,887
U0073,53,M,Hyderabad,2024-05-29,False,0,4,0.7608695652173914,782
U0074,31,F,Bangalore,2023-05-07,False,1,1,0.2826086956521739,1170
U0075,48,M,Chennai,2024-11-30,False,0,2,0.6521739130434783,597
U0076,32,F,Lucknow,2023-01-14,True,1,7,0.30434782608695654,1283
U0077,25,F,Pune,2023-01-12,False,1,9,0.15217391304347827,1285
U0078,31,M,Ahmedabad,2023-03-28,True,0,0,0.2826086956521739,1210
U0079,40,M,Mumbai,2024-06-07,False,0,8,0.4782608695652174,773
U0080,57,Other,Lucknow,2024-06-20,False,2,7,0.8478260869565217,760
U0081,38,M,Ahmedabad,2023-10-28,False,0,0,0.43478260869565216,996
U0082,33,M,Kolkata,2023-08-31,False,0,6,0.32608695652173914,1054
U0083,62,F,Mumbai,2023-05-02,False,1,8,0.9565217391304348,1175
U0084,35,Other,Delhi,2023-05-27,True,2,3,0.3695652173913043,1150
U0085,64,Other,Bangalore,2024-07-20,True,2,1,1.0,730
U0086,41,F,Mumbai,2023-12-22,False,1,8,0.5,941
U0087,43,M,Jaipur,2024-11-15,False,0,5,0.5434782608695652,612
U0088,42,M,Ahmedabad,2024-09-22,False,0,0,0.5217391304347826,666
U0089,62,F,Delhi,2023-11-05,False,1,3,0.9565217391304348,988
U0090,58,F,Jaipur,2024-11-25,True,1,5,0.8695652173913043,602
U0091,46,M,Kolkata,2023-10-15,False,0,6,0.6086956521739131,1009
U0092,32,Other,Jaipur,2023-11-03,False,2,5,0.30434782608695654,990
U0093,62,M,Pune,2024-08-16,False,0,9,0.9565217391304348,703
U0094,18,F,Pune,2024-12-23,False,1,9,0.0,574
U0095,42,M,Chennai,2024-10-23,False,0,2,0.5217391304347826,635
U0096,24,F,Lucknow,2024-07-02,False,1,7,0.13043478260869565,748
U0097,26,M,Lucknow,2023-12-18,True,0,7,0.17391304347826086,945
U0098,41,M,Delhi,2023-11-08,True,0,3,0.5,985
U0099,18,M,Kolkata,2023-02-28,False,0,6,0.0,1238
U0100,61,F,Hyderabad,2024-10-04,False,1,4,0.9347826086956522,654
U0101,25,F,Pune,2024-12-14,True,1,9,0.15217391304347827,583
U0102,41,F,Delhi,2023-02-04,False,1,3,0.5,1262
U0103,28,Other,Hyderabad,2024-03-20,False,2,4,0.21739130434782608,852
U0104,34,M,Lucknow,2023-04-03,False,0,7,0.34782608695652173,1204
U0105,25,M,Chennai,2023-07-26,False,0,2,0.15217391304347827,1090
U0106,52,F,Jaipur,2023-12-19,False,1,5,0.7391304347826086,944
U0107,52,M,Pune,2023-11-28,False,0,9,0.7391304347826086,965
U0108,50,Other,Delhi,2024-12-25,True,2,3,0.6956521739130435,572
U0109,22,M,Mumbai,2023-06-08,False,0,8,0.08695652173913043,1138
U0110,59,Other,Hyderabad,2023-01-24,False,2,4,0.8913043478260869,1273
U0111,56,M,Jaipur,2024-02-08,False,0,5,0.8260869565217391,893
U0112,58,F,Pune,2024-05-30,False,1,9,0.8695652173913043,781
U0113,45,F,Lucknow,2023-12-30,False,1,7,0.5869565217391305,933
U0114,24,Other,Kolkata,2024-01-17,False,2,6,0.13043478260869565,915
U0115,26,M,Hyderabad,2024-06-15,False,0,4,0.17391304347826086,765
U0116,25,F,Lucknow,2023-06-01,False,1,7,0.15217391304347827,1145
U0117,29,Other,Pune,2024-07-15,False,2,9,0.2391304347826087,735
U0118,51,F,Hyderabad,2024-11-19,True,1,4,0.717391304347826,608
U0119,50,F,Jaipur,2024-08-30,False,1,5,0.6956521739130435,689
U0120,40,F,Pune,2024-09-08,False,1,9,0.4782608695652174,680
U0121,41,F,Ahmedabad,2024-02-24,False,1,0,0.5,877
U0122,54,F,Delhi,2023-09-07,True,1,3,0.782608695652174,1047
U0123,52,F,Jaipur,2023-04-27,False,1,5,0.7391304347826086,1180
U0124,61,Other,Hyderabad,2024-05-26,False,2,4,0.9347826086956522,785
U0125,57,M,Kolkata,2024-07-31,False,0,6,0.8478260869565217,719
U0126,39,M,Lucknow,2023-12-01,False,0,7,0.45652173913043476,962
U0127,44,Other,Mumbai,2024-02-22,True,2,8,0.5652173913043478,879
U0128,52,F,Lucknow,2023-10-22,False,1,7,0.7391304347826086,1002
U0129,18,F,Hyderabad,2024-01-06,False,1,4,0.0,926
U0130,52,F,Lucknow,2023-07-05,False,1,7,0.7391304347826086,1111
U0131,54,M,Delhi,2023-09-03,False,0,3,0.782608695652174,1051
U0132,64,M,Pune,2024-09-28,True,0,9,1.0,660
U0133,31,F,Mumbai,2023-09-25,True,1,8,0.2826086956521739,1029
U0134,20,M,Bangalore,2024-10-04,True,0,1,0.043478260869565216,654
U0135,18,F,Hyderabad,2023-08-25,False,1,4,0.0,1060
U0136,22,M,Chennai,2024-06-13,False,0,2,0.08695652173913043,767
U0137,43,Other,Bangalore,2024-07-05,False,2,1,0.5434782608695652,745
U0138,31,Other,Lucknow,2023-01-21,False,2,7,0.2826086956521739,1276
U0139,56,F,Hyderabad,2024-06-03,False,1,4,0.8260869565217391,777
U0140,44,F,Ahmedabad,2023-04-10,True,1,0,0.5652173913043478,1197
U0141,26,M,Chennai,2024-04-22,True,0,2,0.17391304347826086,819
U0142,32,F,Mumbai,2024-08-21,False,1,8,0.30434782608695654,698
U0143,32,F,Kolkata,2023-10-25,False,1,6,0.30434782608695654,999
U0144,43,M,Ahmedabad,2024-06-09,False,0,0,0.5434782608695652,771
U0145,59,Other,Bangalore,2023-11-30,False,2,1,0.8913043478260869,963
U0146,30,F,Pune,2023-01-02,False,1,9,0.2608695652173913,1295
U0147,49,Other,Delhi,2024-01-10,False,2,3,0.6739130434782609,922
U0148,56,F,Kolkata,2023-10-20,False,1,6,0.8260869565217391,1004
U0149,49,F,Ahmedabad,2024-07-06,False,1,0,0.6739130434782609,744
U0150,21,M,Pune,2023-11-14,True,0,9,0.06521739130434782,979
U0151,47,Other,Pune,2024-05-16,True,2,9,0.6304347826086957,795
U0152,54,F,Hyderabad,2024-01-16,False,1,4,0.782608695652174,916
U0153,40,M,Ahmedabad,2024-09-14,False,0,0,0.4782608695652174,674
U0154,56,M,Mumbai,2023-01-14,False,0,8,0.8260869565217391,1283
U0155,62,M,Lucknow,2024-05-18,True,0,7,0.9565217391304348,793
U0156,32,F,Chennai,2023-08-19,False,1,2,0.30434782608695654,1066
U0157,60,Other,Chennai,2023-03-25,False,2,2,0.9130434782608695,1213
U0158,46,M,Bangalore,2023-05-10,False,0,1,0.6086956521739131,1167
U0159,53,F,Bangalore,2023-05-25,False,1,1,0.7608695652173914,1152
U0160,30,M,Chennai,2023-01-28,False,0,2,0.2608695652173913,1269
U0161,49,Other,Mumbai,2023-03-07,False,2,8,0.6739130434782609,1231
U0162,24,F,Delhi,2023-06-12,False,1,3,0.13043478260869565,1134
U0163,39,F,Jaipur,2023-08-17,False,1,5,0.45652173913043476,1068
U0164,45,F,Lucknow,2023-09-18,False,1,7,0.5869565217391305,1036
U0165,19,M,Delhi,2024-03-24,False,0,3,0.021739130434782608,848
U0166,59,M,Hyderabad,2024-02-28,False,0,4,0.8913043478260869,873
U0167,62,M,Jaipur,2024-04-04,False,0,5,0.9565217391304348,837
U0168,23,F,Jaipur,2024-11-06,True,1,5,0.10869565217391304,621
U0169,45,F,Ahmedabad,2023-10-28,False,1,0,0.5869565217391305,996
U0170,45,Other,Mumbai,2023-10-30,False,2,8,0.5869565217391305,994
U0171,61,Other,Mumbai,2023-10-14,True,2,8,0.9347826086956522,1010
U0172,61,F,Jaipur,2024-01-30,True,1,5,0.9347826086956522,902
U0173,37,F,Ahmedabad,2023-01-10,False,1,0,0.41304347826086957,1287
U0174,47,Other,Lucknow,2024-12-07,False,2,7,0.6304347826086957,590
U0175,28,F,Jaipur,2024-09-21,False,1,5,0.21739130434782608,667
U0176,45,M,Kolkata,2023-09-27,True,0,6,0.5869565217391305,1027
U0177,42,F,Bangalore,2024-08-14,True,1,1,0.5217391304347826,705
U0178,56,M,Bangalore,2024-08-27,False,0,1,0.8260869565217391,692
U0179,50,Other,Delhi,2023-12-27,False,2,3,0.6956521739130435,936
U0180,18,F,Hyderabad,2023-09-14,False,1,4,0.0,1040
U0181,44,M,Bangalore,2023-05-13,False,0,1,0.5652173913043478,1164
U0182,30,F,Pune,2023-10-03,False,1,9,0.2608695652173913,1021
U0183,58,F,Delhi,2024-11-13,False,1,3,0.8695652173913043,614
U0184,20,M,Bangalore,2024-05-27,False,0,1,0.043478260869565216,784
U0185,56,M,Hyderabad,2023-11-09,False,0,4,0.8260869565217391,984
U0186,23,F,Mumbai,2024-07-29,False,1,8,0.10869565217391304,721
U0187,25,F,Mumbai,2023-10-11,False,1,8,0.15217391304347827,1013
U0188,44,F,Lucknow,2023-05-01,False,1,7,0.5652173913043478,1176
U0189,26,F,Jaipur,2023-04-17,True,1,5,0.17391304347826086,1190
U0190,54,F,Kolkata,2024-11-17,False,1,6,0.782608695652174,610
U0191,50,F,Mumbai,2023-07-23,True,1,8,0.6956521739130435,1093
U0192,59,F,Ahmedabad,2023-06-14,False,1,0,0.8913043478260869,1132
U0193,61,F,Bangalore,2023-11-01,False,1,1,0.9347826086956522,992
U0194,41,M,Ahmedabad,2024-05-11,False,0,0,0.5,800
U0195,32,M,Hyderabad,2024-09-23,False,0,4,0.30434782608695654,665
U0196,49,M,Mumbai,2024-07-09,False,0,8,0.6739130434782609,741
U0197,49,F,Kolkata,2023-06-05,False,1,6,0.6739130434782609,1141
U0198,41,F,Hyderabad,2024-01-02,True,1,4,0.5,930
U0199,58,F,Pune,2024-12-19,False,1,9,0.8695652173913043,578
U0200,29,M,Pune,2024-09-11,False,0,9,0.2391304347826087,677
U0201,56,M,Ahmedabad,2023-09-08,True,0,0,0.8260869565217391,1046
U0202,19,M,Jaipur,2023-11-30,False,0,5,0.021739130434782608,963
U0203,20,M,Delhi,2024-10-03,False,0,3,0.043478260869565216,655
U0204,54,F,Jaipur,2024-05-25,False,1,5,0.782608695652174,786
U0205,34,M,Lucknow,2023-10-20,False,0,7,0.34782608695652173,1004
U0206,19,M,Jaipur,2023-01-20,True,0,5,0.021739130434782608,1277
U0207,19,Other,Lucknow,2023-10-09,False,2,7,0.021739130434782608,1015
U0208,45,M,Lucknow,2023-01-01,True,0,7,0.5869565217391305,1296
U0209,40,F,Kolkata,2023-04-29,False,1,6,0.4782608695652174,1178
U0210,54,F,Mumbai,2023-02-04,False,1,8,0.782608695652174,1262
U0211,49,M,Kolkata,2023-07-17,False,0,6,0.6739130434782609,1099
U0212,50,F,Lucknow,2024-04-29,False,1,7,0.6956521739130435,812
U0213,18,F,Hyderabad,2023-02-28,True,1,4,0.0,1238
U0214,36,Other,Pune,2023-06-10,True,2,9,0.391304347826087,1136
U0215,19,M,Lucknow,2024-11-21,True,0,7,0.021739130434782608,606
U0216,61,Other,Kolkata,2023-07-25,False,2,6,0.9347826086956522,1091
U0217,43,F,Hyderabad,2023-01-12,True,1,4,0.5434782608695652,1285
U0218,49,M,Kolkata,2024-05-04,False,0,6,0.6739130434782609,807
U0219,23,F,Jaipur,2023-10-03,False,1,5,0.10869565217391304,1021
U0220,49,Other,Bangalore,2024-11-23,False,2,1,0.6739130434782609,604
U0221,21,F,Ahmedabad,2023-08-30,True,1,0,0.06521739130434782,1055
U0222,28,M,Delhi,2023-08-04,False,0,3,0.21739130434782608,1081
U0223,34,F,Kolkata,2023-09-08,False,1,6,0.34782608695652173,1046
U0224,55,M,Delhi,2023-05-06,False,0,3,0.8043478260869565,1171
U0225,41,M,Chennai,2023-08-05,False,0,2,0.5,1080
U0226,22,M,Kolkata,2023-11-02,True,0,6,0.08695652173913043,991
U0227,51,M,Bangalore,2023-07-04,False,0,1,0.717391304347826,1112
U0228,23,M,Delhi,2023-02-08,False,0,3,0.10869565217391304,1258
U0229,39,M,Lucknow,2023-08-11,False,0,7,0.45652173913043476,1074
U0230,28,F,Kolkata,2023-07-03,False,1,6,0.21739130434782608,1113
U0231,33,M,Mumbai,2024-05-09,False,0,8,0.32608695652173914,802
U0232,50,M,Ahmedabad,2024-03-02,False,0,0,0.6956521739130435,870
U0233,26,F,Bangalore,2023-06-27,False,1,1,0.17391304347826086,1119
U0234,23,F,Delhi,2024-03-03,False,1,3,0.10869565217391304,869
U0235,33,F,Bangalore,2023-10-21,False,1,1,0.32608695652173914,1003
U0236,46,M,Hyderabad,2023-05-31,False,0,4,0.6086956521739131,1146
U0237,20,M,Ahmedabad,2024-01-19,False,0,0,0.043478260869565216,913
U0238,37,M,Lucknow,2024-09-29,True,0,7,0.41304347826086957,659
U0239,53,M,Kolkata,2023-11-04,True,0,6,0.7608695652173914,989
U0240,36,M,Kolkata,2023-12-02,False,0,6,0.391304347826087,961
U0241,43,M,Kolkata,2024-01-10,False,0,6,0.5434782608695652,922
U0242,20,M,Ahmedabad,2023-01-08,False,0,0,0.043478260869565216,1289
U0243,36,M,Mumbai,2023-12-07,False,0,8,0.391304347826087,956
U0244,37,F,Chennai,2023-05-09,False,1,2,0.41304347826086957,1168
U0245,49,M,Pune,2024-10-30,True,0,9,0.6739130434782609,628
U0246,24,M,Jaipur,2023-12-18,False,0,5,0.13043478260869565,945
U0247,58,F,Delhi,2023-12-24,True,1,3,0.8695652173913043,939
U0248,50,F,Mumbai,2024-05-31,False,1,8,0.6956521739130435,780
U0249,57,M,Lucknow,2024-05-09,False,0,7,0.8478260869565217,802
U0250,56,F,Delhi,2023-03-27,True,1,3,0.8260869565217391,1211
U0251,35,F,Kolkata,2023-06-24,False,1,6,0.3695652173913043,1122
U0252,57,M,Bangalore,2023-07-12,False,0,1,0.8478260869565217,1104
U0253,18,F,Lucknow,2023-11-07,False,1,7,0.0,986
U0254,28,Other,Delhi,2023-04-29,False,2,3,0.21739130434782608,1178
U0255,45,M,Kolkata,2023-08-06,False,0,6,0.5869565217391305,1079
U0256,42,M,Delhi,2024-03-02,True,0,3,0.5217391304347826,870
U0257,40,F,Bangalore,2024-02-18,True,1,1,0.4782608695652174,883
U0258,48,F,Kolkata,2023-04-24,True,1,6,0.6521739130434783,1183
U0259,47,M,Chennai,2023-05-25,False,0,2,0.6304347826086957,1152
U0260,59,M,Mumbai,2024-06-21,False,0,8,0.8913043478260869,759
U0261,52,M,Hyderabad,2024-10-09,False,0,4,0.7391304347826086,649
U0262,24,F,Jaipur,2023-10-30,True,1,5,0.13043478260869565,994
U0263,33,F,Ahmedabad,2024-08-10,False,1,0,0.32608695652173914,709
U0264,43,M,Jaipur,2023-12-11,False,0,5,0.5434782608695652,952
U0265,19,F,Lucknow,2023-01-01,False,1,7,0.021739130434782608,1296
U0266,18,F,Jaipur,2023-05-27,False,1,5,0.0,1150
U0267,29,M,Kolkata,2023-10-14,False,0,6,0.2391304347826087,1010
U0268,22,M,Chennai,2024-10-15,True,0,2,0.08695652173913043,643
U0269,54,F,Hyderabad,2023-02-22,False,1,4,0.782608695652174,1244
U0270,49,F,Mumbai,2023-10-31,False,1,8,0.6739130434782609,993
U0271,26,F,Mumbai,2023-03-10,False,1,8,0.17391304347826086,1228
U0272,58,F,Bangalore,2023-12-27,False,1,1,0.8695652173913043,936
U0273,52,M,Ahmedabad,2024-08-24,False,0,0,0.7391304347826086,695
U0274,36,M,Delhi,2023-08-08,False,0,3,0.391304347826087,1077
U0275,33,F,Chennai,2024-12-04,False,1,2,0.32608695652173914,593
U0276,20,M,Delhi,2024-07-28,False,0,3,0.043478260869565216,722
U0277,37,M,Hyderabad,2024-08-07,False,0,4,0.41304347826086957,712
U0278,41,M,Jaipur,2023-06-10,False,0,5,0.5,1136
U0279,50,M,Mumbai,2024-11-11,False,0,8,0.6956521739130435,616
U0280,41,M,Hyderabad,2023-03-30,False,0,4,0.5,1208
U0281,28,M,Jaipur,2024-11-18,False,0,5,0.21739130434782608,609
U0282,25,M,Mumbai,2024-08-07,True,0,8,0.15217391304347827,712
U0283,53,M,Jaipur,2024-08-11,False,0,5,0.7608695652173914,708
U0284,55,F,Ahmedabad,2023-06-08,False,1,0,0.8043478260869565,1138
U0285,57,F,Chennai,2024-05-03,False,1,2,0.8478260869565217,808
U0286,37,F,Lucknow,2023-11-20,False,1,7,0.41304347826086957,973
U0287,52,F,Hyderabad,2024-09-01,False,1,4,0.7391304347826086,687
U0288,42,F,Hyderabad,2024-01-16,False,1,4,0.5217391304347826,916
U0289,52,M,Pune,2023-04-12,False,0,9,0.7391304347826086,1195
U0290,42,F,Kolkata,2024-05-08,True,1,6,0.5217391304347826,803
U0291,46,F,Ahmedabad,2024-10-05,False,1,0,0.6086956521739131,653
U0292,35,F,Ahmedabad,2024-09-05,False,1,0,0.3695652173913043,683
U0293,63,M,Delhi,2023-01-19,False,0,3,0.9782608695652174,1278
U0294,35,M,Jaipur,2024-03-29,False,0,5,0.3695652173913043,843
U0295,19,M,Kolkata,2024-04-26,True,0,6,0.021739130434782608,815
U0296,52,M,Chennai,2024-08-16,False,0,2,0.7391304347826086,703
U0297,33,F,Chennai,2024-02-01,True,1,2,0.32608695652173914,900
U0298,58,F,Ahmedabad,2023-10-06,True,1,0,0.8695652173913043,1018
U0299,53,M,Chennai,2023-12-31,True,0,2,0.7608695652173914,932
U0300,50,Other,Pune,2023-11-27,True,2,9,0.6956521739130435,966
U0301,21,F,Hyderabad,2024-10-02,True,1,4,0.06521739130434782,656
U0302,50,M,Bangalore,2023-12-10,False,0,1,0.6956521739130435,953
U0303,31,M,Lucknow,2024-03-30,False,0,7,0.2826086956521739,842
U0304,38,M,Delhi,2024-08-23,False,0,3,0.43478260869565216,696
U0305,37,M,Jaipur,2024-12-25,False,0,5,0.41304347826086957,572
U0306,25,M,Lucknow,2024-10-16,False,0,7,0.15217391304347827,642
U0307,24,M,Jaipur,2023-03-06,True,0,5,0.13043478260869565,1232
U0308,20,M,Mumbai,2023-03-17,False,0,8,0.043478260869565216,1221
U0309,34,M,Lucknow,2024-12-11,False,0,7,0.34782608695652173,586
U0310,50,F,Bangalore,2023-05-23,True,1,1,0.6956521739130435,1154
U0311,29,M,Ahmedabad,2024-08-27,False,0,0,0.2391304347826087,692
U0312,39,F,Pune,2024-04-17,False,1,9,0.45652173913043476,824
U0313,39,M,Hyderabad,2024-02-21,False,0,4,0.45652173913043476,880
U0314,63,Other,Hyderabad,2023-11-01,True,2,4,0.9782608695652174,992
U0315,47,M,Pune,2024-05-11,False,0,9,0.6304347826086957,800
U0316,55,M,Kolkata,2023-10-18,False,0,6,0.8043478260869565,1006
U0317,55,Other,Mumbai,2023-04-12,True,2,8,0.8043478260869565,1195
U0318,62,F,Jaipur,2023-09-24,False,1,5,0.9565217391304348,1030
U0319,25,F,Bangalore,2024-09-13,False,1,1,0.15217391304347827,675
U0320,44,M,Chennai,2023-01-03,False,0,2,0.5652173913043478,1294
U0321,44,M,Lucknow,2023-03-26,False,0,7,0.5652173913043478,1212
U0322,51,F,Mumbai,2023-11-24,False,1,8,0.717391304347826,969
U0323,38,Other,Lucknow,2024-03-25,False,2,7,0.43478260869565216,847
U0324,47,F,Bangalore,2024-03-29,False,1,1,0.6304347826086957,843
U0325,50,F,Delhi,2024-09-20,True,1,3,0.6956521739130435,668
U0326,45,M,Delhi,2023-08-09,False,0,3,0.5869565217391305,1076
U0327,64,F,Mumbai,2023-06-03,False,1,8,1.0,1143
U0328,50,M,Ahmedabad,2024-10-26,False,0,0,0.6956521739130435,632
U0329,22,M,Bangalore,2023-01-12,True,0,1,0.08695652173913043,1285
U0330,36,M,Bangalore,2023-05-13,False,0,1,0.391304347826087,1164
U0331,21,F,Pune,2023-10-31,False,1,9,0.06521739130434782,993
U0332,52,M,Ahmedabad,2023-10-20,False,0,0,0.7391304347826086,1004
U0333,34,M,Jaipur,2023-10-27,False,0,5,0.34782608695652173,997
U0334,61,F,Jaipur,2023-02-12,True,1,5,0.9347826086956522,1254
U0335,45,M,Chennai,2023-12-09,False,0,2,0.5869565217391305,954
U0336,47,F,Hyderabad,2023-11-22,False,1,4,0.6304347826086957,971
U0337,46,M,Delhi,2024-05-12,True,0,3,0.6086956521739131,799
U0338,63,F,Jaipur,2023-12-30,False,1,5,0.9782608695652174,933
U0339,23,F,Ahmedabad,2024-03-02,False,1,0,0.10869565217391304,870
U0340,52,M,Bangalore,2023-01-21,False,0,1,0.7391304347826086,1276
U0341,58,M,Jaipur,2024-02-11,False,0,5,0.8695652173913043,890
U0342,54,M,Bangalore,2024-09-10,False,0,1,0.782608695652174,678
U0343,41,M,Jaipur,2023-12-02,False,0,5,0.5,961
U0344,46,Other,Delhi,2023-04-27,False,2,3,0.6086956521739131,1180
U0345,63,M,Lucknow,2023-05-04,False,0,7,0.9782608695652174,1173
U0346,48,F,Jaipur,2024-02-03,True,1,5,0.6521739130434783,898
U0347,52,M,Ahmedabad,2024-12-15,False,0,0,0.7391304347826086,582
U0348,50,F,Jaipur,2023-02-20,False,1,5,0.6956521739130435,1246
U0349,38,F,Hyderabad,2023-11-20,False,1,4,0.43478260869565216,973
U0350,49,F,Delhi,2023-05-21,False,1,3,0.6739130434782609,1156
U0351,40,F,Ahmedabad,2024-04-14,False,1,0,0.4782608695652174,827
U0352,50,M,Pune,2023-11-30,False,0,9,0.6956521739130435,963
U0353,20,M,Ahmedabad,2024-01-08,True,0,0,0.043478260869565216,924
U0354,35,Other,Hyderabad,2024-07-17,False,2,4,0.3695652173913043,733
U0355,42,F,Lucknow,2024-05-08,False,1,7,0.5217391304347826,803
U0356,59,Other,Delhi,2024-06-22,False,2,3,0.8913043478260869,758
U0357,48,M,Pune,2024-10-30,False,0,9,0.6521739130434783,628
U0358,20,F,Hyderabad,2023-06-05,False,1,4,0.043478260869565216,1141
U0359,57,Other,Hyderabad,2023-10-18,False,2,4,0.8478260869565217,1006
U0360,63,M,Mumbai,2024-10-09,False,0,8,0.9782608695652174,649
U0361,41,M,Delhi,2023-05-24,False,0,3,0.5,1153
U0362,49,F,Ahmedabad,2023-04-16,False,1,0,0.6739130434782609,1191
U0363,64,F,Bangalore,2024-02-24,True,1,1,1.0,877
U0364,39,F,Lucknow,2024-10-31,False,1,7,0.45652173913043476,627
U0365,40,M,Bangalore,2024-10-19,False,0,1,0.4782608695652174,639
U0366,19,F,Ahmedabad,2023-01-02,False,1,0,0.021739130434782608,1295
U0367,44,M,Ahmedabad,2024-08-11,True,0,0,0.5652173913043478,708
U0368,59,M,Delhi,2024-10-05,True,0,3,0.8913043478260869,653
U0369,19,M,Ahmedabad,2023-03-31,False,0,0,0.021739130434782608,1207
U0370,43,F,Mumbai,2023-12-11,True,1,8,0.5434782608695652,952
U0371,34,F,Pune,2023-12-16,False,1,9,0.34782608695652173,947
U0372,57,F,Ahmedabad,2024-04-03,False,1,0,0.8478260869565217,838
U0373,50,M,Bangalore,2023-09-20,False,0,1,0.6956521739130435,1034
U0374,26,F,Ahmedabad,2023-12-17,True,1,0,0.17391304347826086,946
U0375,60,M,Mumbai,2023-04-18,False,0,8,0.9130434782608695,1189
U0376,56,F,Jaipur,2024-08-08,True,1,5,0.8260869565217391,711
U0377,46,M,Jaipur,2023-02-08,True,0,5,0.6086956521739131,1258
U0378,59,M,Hyderabad,2023-06-08,False,0,4,0.8913043478260869,1138
U0379,43,F,Lucknow,2024-08-05,False,1,7,0.5434782608695652,714
U0380,52,M,Chennai,2023-11-08,False,0,2,0.7391304347826086,985
U0381,42,F,Pune,2023-08-29,False,1,9,0.5217391304347826,1056
U0382,41,F,Kolkata,2024-03-20,False,1,6,0.5,852
U0383,30,M,Hyderabad,2023-10-25,False,0,4,0.2608695652173913,999
U0384,24,F,Lucknow,2023-02-05,False,1,7,0.13043478260869565,1261
U0385,53,M,Jaipur,2023-03-25,False,0,5,0.7608695652173914,1213
U0386,62,F,Bangalore,2024-03-27,True,1,1,0.9565217391304348,845
U0387,37,Other,Kolkata,2024-01-20,False,2,6,0.41304347826086957,912
U0388,18,F,Lucknow,2023-06-21,True,1,7,0.0,1125
U0389,25,M,Lucknow,2024-01-11,False,0,7,0.15217391304347827,921
U0390,63,Other,Hyderabad,2024-11-15,False,2,4,0.9782608695652174,612
U0391,33,F,Kolkata,2023-12-28,False,1,6,0.32608695652173914,935
U0392,31,M,Delhi,2024-07-12,False,0,3,0.2826086956521739,738
U0393,29,M,Chennai,2023-05-21,False,0,2,0.2391304347826087,1156
U0394,40,F,Delhi,2023-04-28,True,1,3,0.4782608695652174,1179
U0395,32,F,Kolkata,2023-10-04,False,1,6,0.30434782608695654,1020
U0396,45,F,Delhi,2024-12-26,False,1,3,0.5869565217391305,571
U0397,51,F,Mumbai,2023-08-08,False,1,8,0.717391304347826,1077
U0398,19,F,Jaipur,2023-01-26,True,1,5,0.021739130434782608,1271
U0399,49,M,Mumbai,2024-06-04,False,0,8,0.6739130434782609,776
U0400,40,M,Ahmedabad,2023-01-10,False,0,0,0.4782608695652174,1287
U0401,39,M,Delhi,2024-01-13,False,0,3,0.45652173913043476,919
U0402,42,F,Ahmedabad,2024-09-24,False,1,0,0.5217391304347826,664
U0403,39,M,Bangalore,2024-09-28,False,0,1,0.45652173913043476,660
U0404,39,F,Pune,2024-11-12,False,1,9,0.45652173913043476,615
U0405,59,F,Bangalore,2024-08-06,False,1,1,0.8913043478260869,713
U0406,23,F,Kolkata,2023-06-01,True,1,6,0.10869565217391304,1145
U0407,32,M,Lucknow,2024-12-20,False,0,7,0.30434782608695654,577
U0408,60,F,Jaipur,2023-02-18,True,1,5,0.9130434782608695,1248
U0409,54,M,Delhi,2023-06-03,False,0,3,0.782608695652174,1143
U0410,50,F,Hyderabad,2023-10-20,False,1,4,0.6956521739130435,1004
U0411,25,M,Pune,2024-08-02,False,0,9,0.15217391304347827,717
U0412,61,M,Chennai,2023-02-19,False,0,2,0.9347826086956522,1247
U0413,61,F,Chennai,2024-10-25,True,1,2,0.9347826086956522,633
U0414,22,M,Chennai,2024-06-14,True,0,2,0.08695652173913043,766
U0415,56,M,Delhi,2024-09-03,False,0,3,0.8260869565217391,685
U0416,21,F,Chennai,2023-03-01,False,1,2,0.06521739130434782,1237
U0417,23,F,Mumbai,2023-06-16,True,1,8,0.10869565217391304,1130
U0418,62,F,Pune,2023-07-21,False,1,9,0.9565217391304348,1095
U0419,49,F,Mumbai,2023-05-26,False,1,8,0.6739130434782609,1151
U0420,47,F,Lucknow,2024-11-06,False,1,7,0.6304347826086957,621
U0421,64,M,Pune,2024-03-14,False,0,9,1.0,858
U0422,52,M,Mumbai,2023-08-30,False,0,8,0.7391304347826086,1055
U0423,57,M,Pune,2024-08-03,False,0,9,0.8478260869565217,716
U0424,33,Other,Lucknow,2024-11-17,False,2,7,0.32608695652173914,610
U0425,30,F,Ahmedabad,2024-07-14,False,1,0,0.2608695652173913,736
U0426,59,M,Delhi,2024-04-27,False,0,3,0.8913043478260869,814
U0427,47,F,Delhi,2023-04-18,False,1,3,0.6304347826086957,1189
U0428,36,Other,Chennai,2023-08-14,False,2,2,0.391304347826087,1071
U0429,34,M,Bangalore,2024-11-03,False,0,1,0.34782608695652173,624
U0430,36,F,Chennai,2024-09-22,True,1,2,0.391304347826087,666
U0431,45,F,Kolkata,2024-10-22,False,1,6,0.5869565217391305,636
U0432,43,F,Mumbai,2024-10-23,False,1,8,0.5434782608695652,635
U0433,54,M,Pune,2024-03-07,True,0,9,0.782608695652174,865
U0434,43,F,Bangalore,2024-10-16,False,1,1,0.5434782608695652,642
U0435,40,Other,Lucknow,2024-02-23,False,2,7,0.4782608695652174,878
U0436,26,F,Kolkata,2024-03-30,False,1,6,0.17391304347826086,842
U0437,29,F,Lucknow,2023-06-09,False,1,7,0.2391304347826087,1137
U0438,18,Other,Delhi,2024-06-06,False,2,3,0.0,774
U0439,18,F,Delhi,2024-10-11,True,1,3,0.0,647
U0440,64,M,Chennai,2024-08-12,False,0,2,1.0,707
U0441,51,F,Mumbai,2023-03-18,False,1,8,0.717391304347826,1220
U0442,49,F,Bangalore,2024-05-23,False,1,1,0.6739130434782609,788
U0443,42,M,Jaipur,2024-03-16,False,0,5,0.5217391304347826,856
U0444,57,F,Kolkata,2023-09-11,False,1,6,0.8478260869565217,1043
U0445,62,Other,Kolkata,2023-11-16,False,2,6,0.9565217391304348,977
U0446,18,Other,Chennai,2023-09-20,False,2,2,0.0,1034
U0447,33,F,Delhi,2024-08-19,False,1,3,0.32608695652173914,700
U0448,56,M,Chennai,2024-10-19,False,0,2,0.8260869565217391,639
U0449,22,Other,Pune,2024-07-07,True,2,9,0.08695652173913043,743
U0450,39,F,Bangalore,2024-01-09,True,1,1,0.45652173913043476,923
U0451,46,M,Mumbai,2024-09-28,False,0,8,0.6086956521739131,660
U0452,20,Other,Ahmedabad,2023-06-16,True,2,0,0.043478260869565216,1130
U0453,29,F,Hyderabad,2024-04-03,False,1,4,0.2391304347826087,838
U0454,43,F,Hyderabad,2023-10-07,False,1,4,0.5434782608695652,1017
U0455,33,F,Chennai,2024-11-30,False,1,2,0.32608695652173914,597
U0456,54,M,Pune,2023-10-29,False,0,9,0.782608695652174,995
U0457,39,M,Bangalore,2024-06-14,False,0,1,0.45652173913043476,766
U0458,46,M,Jaipur,2024-08-02,False,0,5,0.6086956521739131,717
U0459,31,F,Hyderabad,2023-08-06,True,1,4,0.2826086956521739,1079
U0460,45,M,Bangalore,2023-04-12,False,0,1,0.5869565217391305,1195
U0461,22,M,Mumbai,2024-07-07,False,0,8,0.08695652173913043,743
U0462,64,M,Lucknow,2023-10-15,False,0,7,1.0,1009
U0463,47,F,Pune,2023-06-16,False,1,9,0.6304347826086957,1130
U0464,63,Other,Delhi,2024-09-12,False,2,3,0.9782608695652174,676
U0465,22,M,Bangalore,2023-02-05,False,0,1,0.08695652173913043,1261
U0466,29,M,Mumbai,2023-12-19,False,0,8,0.2391304347826087,944
U0467,33,F,Jaipur,2024-11-06,True,1,5,0.32608695652173914,621
U0468,43,F,Ahmedabad,2023-03-14,False,1,0,0.5434782608695652,1224
U0469,43,M,Delhi,2024-10-09,True,0,3,0.5434782608695652,649
U0470,38,F,Ahmedabad,2023-12-19,True,1,0,0.43478260869565216,944
U0471,56,M,Jaipur,2023-03-11,True,0,5,0.8260869565217391,1227
U0472,53,M,Mumbai,2024-02-29,False,0,8,0.7608695652173914,872
U0473,50,F,Hyderabad,2024-12-08,False,1,4,0.6956521739130435,589
U0474,47,M,Ahmedabad,2024-07-14,False,0,0,0.6304347826086957,736
U0475,54,Other,Delhi,2024-10-03,False,2,3,0.782608695652174,655
U0476,40,M,Chennai,2024-05-31,False,0,2,0.4782608695652174,780
U0477,27,F,Kolkata,2024-03-03,True,1,6,0.1956521739130435,869
U0478,22,F,Bangalore,2024-06-22,False,1,1,0.08695652173913043,758
U0479,53,M,Hyderabad,2023-06-09,False,0,4,0.7608695652173914,1137
U0480,51,F,Ahmedabad,2023-05-29,False,1,0,0.717391304347826,1148
U0481,48,M,Lucknow,2023-08-18,False,0,7,0.6521739130434783,1067
U0482,27,Other,Bangalore,2024-12-12,True,2,1,0.1956521739130435,585
U0483,36,M,Chennai,2024-07-15,False,0,2,0.391304347826087,735
U0484,49,M,Jaipur,2023-03-08,False,0,5,0.6739130434782609,1230
U0485,18,M,Kolkata,2024-01-16,False,0,6,0.0,916
U0486,22,Other,Mumbai,2023-02-27,True,2,8,0.08695652173913043,1239
U0487,62,F,Chennai,2023-09-16,False,1,2,0.9565217391304348,1038
U0488,21,F,Chennai,2023-12-08,False,1,2,0.06521739130434782,955
U0489,33,M,Jaipur,2023-05-10,True,0,5,0.32608695652173914,1167
U0490,41,F,Pune,2024-12-27,False,1,9,0.5,570
U0491,33,M,Jaipur,2023-06-21,False,0,5,0.32608695652173914,1125
U0492,19,F,Pune,2024-09-05,False,1,9,0.021739130434782608,683
U0493,45,M,Pune,2023-07-28,False,0,9,0.5869565217391305,1088
U0494,49,M,Hyderabad,2023-12-20,False,0,4,0.6739130434782609,943
U0495,44,M,Hyderabad,2024-04-15,False,0,4,0.5652173913043478,826
U0496,37,F,Delhi,2023-04-26,False,1,3,0.41304347826086957,1181
U0497,41,F,Ahmedabad,2023-09-21,True,1,0,0.5,1033
U0498,29,M,Ahmedabad,2024-10-23,False,0,0,0.2391304347826087,635
U0499,52,F,Mumbai,2024-03-17,False,1,8,0.7391304347826086,855
U0500,50,F,Ahmedabad,2024-07-01,False,1,0,0.6956521739130435,749
